"Life is Good Mens Jake and Rocket Moon Cotton Tee, Crewneck, Short Sleeve Graphic T-Shirt",1.35,2024-02-16
"Life is Good Mens Jake and Rocket Moon Cotton Tee, Crewneck, Short Sleeve Graphic T-Shirt",1.35,2024-02-16
"Life is Good Mens Jake and Rocket Moon Cotton Tee, Crewneck, Short Sleeve Graphic T-Shirt",1.35,2024-02-16
"Life is Good Mens Jake and Rocket Moon Cotton Tee, Crewneck, Short Sleeve Graphic T-Shirt",1.35,2024-02-16
"Mens Jake and Rocket Moon Cotton Tee, Crewneck, Short Sleeve Graphic T-Shirt",21.35,2024-02-16
"Mens Jake and Rocket Moon Cotton Tee, Crewneck, Short Sleeve Graphic T-Shirt",21.35,2024-02-16
"Life is Good Mens Jake and Rocket Moon Cotton Tee, Crewneck, Short Sleeve Graphic T-Shirt",21.35,2024-02-16
"Life is Good Mens Jake and Rocket Moon Cotton Tee, Crewneck, Short Sleeve Graphic T-Shirt",21.35,2024-02-16
"Life is Good Mens Jake and Rocket Moon Cotton Tee, Crewneck, Short Sleeve Graphic T-Shirt",21.35,2024-02-16
"Life is Good Mens Jake and Rocket Moon Cotton Tee, Crewneck, Short Sleeve Graphic T-Shirt",21.35,2024-02-16
"Life is Good Mens Jake and Rocket Moon Cotton Tee, Crewneck, Short Sleeve Graphic T-Shirt",21.35,2024-02-16
"Mens Jake and Rocket Moon Cotton Tee, Crewneck, Short Sleeve Graphic T-Shirt",21.35,2024-02-16
"Life is Good Mens Jake and Rocket Moon Cotton Tee, Crewneck, Short Sleeve Graphic T-Shirt",21.35,2024-02-16
"Mens Jake and Rocket Moon Cotton Tee, Crewneck, Short Sleeve Graphic T-Shirt",21.35,2024-02-16
"Mens Jake and Rocket Moon Cotton Tee, Crewneck, Short Sleeve Graphic T-Shirt",21.35,2024-02-16
"Life is Good Mens Jake and Rocket Moon Cotton Tee, Crewneck, Short Sleeve Graphic T-Shirt",21.35,2024-02-16
"Life is Good Mens Jake and Rocket Moon Cotton Tee, Crewneck, Short Sleeve Graphic T-Shirt",21.35,2024-02-16
"Life is Good Mens Jake and Rocket Moon Cotton Tee, Crewneck, Short Sleeve Graphic T-Shirt",21.35,2024-02-16
"Mens Jake and Rocket Moon Cotton Tee, Crewneck, Short Sleeve Graphic T-Shirt",21.35,2024-02-16
"Life is Good Mens Jake and Rocket Moon Cotton Tee, Crewneck, Short Sleeve Graphic T-Shirt",21.35,2024-02-16
"Life is Good Mens Jake and Rocket Moon Cotton Tee, Crewneck, Short Sleeve Graphic T-Shirt",21.35,2024-02-16
"Mens Jake and Rocket Moon Cotton Tee, Crewneck, Short Sleeve Graphic T-Shirt",21.35,2024-02-16
"Life is Good Mens Jake and Rocket Moon Cotton Tee, Crewneck, Short Sleeve Graphic T-Shirt",21.35,2024-02-16
"Life is Good Mens Jake and Rocket Moon Cotton Tee, Crewneck, Short Sleeve Graphic T-Shirt",21.35,2024-02-16
"Life is Good Mens Jake and Rocket Moon Cotton Tee, Crewneck, Short Sleeve Graphic T-Shirt",21.35,2024-02-16
"Life is Good Mens Jake and Rocket Moon Cotton Tee, Crewneck, Short Sleeve Graphic T-Shirt",21.35,2024-02-16
"Mens Jake and Rocket Moon Cotton Tee, Crewneck, Short Sleeve Graphic T-Shirt",21.35,2024-02-16
"Mens Jake and Rocket Moon Cotton Tee, Crewneck, Short Sleeve Graphic T-Shirt",21.35,2024-02-16
"Life is Good Mens Jake and Rocket Moon Cotton Tee, Crewneck, Short Sleeve Graphic T-Shirt",21.35,2024-02-16
"Mens Jake and Rocket Moon Cotton Tee, Crewneck, Short Sleeve Graphic T-Shirt",21.35,2024-02-16
"Life is Good Mens Jake and Rocket Moon Cotton Tee, Crewneck, Short Sleeve Graphic T-Shirt",21.35,2024-02-16
"Life is Good Mens Jake and Rocket Moon Cotton Tee, Crewneck, Short Sleeve Graphic T-Shirt",21.35,2024-02-16
"Life is Good Mens Jake and Rocket Moon Cotton Tee, Crewneck, Short Sleeve Graphic T-Shirt",21.35,2024-02-16
"Life is Good Mens Jake and Rocket Moon Cotton Tee, Crewneck, Short Sleeve Graphic T-Shirt",21.35,2024-02-16
"Mens Jake and Rocket Moon Cotton Tee, Crewneck, Short Sleeve Graphic T-Shirt",21.35,2024-02-16
"Life is Good Mens Jake and Rocket Moon Cotton Tee, Crewneck, Short Sleeve Graphic T-Shirt",21.35,2024-02-16
"Life is Good Mens Jake and Rocket Moon Cotton Tee, Crewneck, Short Sleeve Graphic T-Shirt",21.35,2024-02-16
"Mens Jake and Rocket Moon Cotton Tee, Crewneck, Short Sleeve Graphic T-Shirt",21.35,2024-02-16
"Life is Good Mens Jake and Rocket Moon Cotton Tee, Crewneck, Short Sleeve Graphic T-Shirt",21.35,2024-02-16
"Life is Good Mens Jake and Rocket Moon Cotton Tee, Crewneck, Short Sleeve Graphic T-Shirt",21.35,2024-02-16
"Mens Jake and Rocket Moon Cotton Tee, Crewneck, Short Sleeve Graphic T-Shirt",21.35,2024-02-16
"Life is Good Mens Jake and Rocket Moon Cotton Tee, Crewneck, Short Sleeve Graphic T-Shirt",21.35,2024-02-16
"Life is Good Mens Jake and Rocket Moon Cotton Tee, Crewneck, Short Sleeve Graphic T-Shirt",21.35,2024-02-16
"Life is Good Mens Jake and Rocket Moon Cotton Tee, Crewneck, Short Sleeve Graphic T-Shirt",21.35,2024-02-16
"Life is Good Mens Jake and Rocket Moon Cotton Tee, Crewneck, Short Sleeve Graphic T-Shirt",21.35,2024-02-16
"Life is Good Mens Jake and Rocket Moon Cotton Tee, Crewneck, Short Sleeve Graphic T-Shirt",21.35,2024-02-16
"Life is Good Mens Jake and Rocket Moon Cotton Tee, Crewneck, Short Sleeve Graphic T-Shirt",21.35,2024-02-16
"Life is Good Mens Jake and Rocket Moon Cotton Tee, Crewneck, Short Sleeve Graphic T-Shirt",21.35,2024-02-16
"Life is Good Mens Jake and Rocket Moon Cotton Tee, Crewneck, Short Sleeve Graphic T-Shirt",21.35,2024-02-16
"Life is Good Mens Jake and Rocket Moon Cotton Tee, Crewneck, Short Sleeve Graphic T-Shirt",21.35,2024-02-16
"Life is Good Mens Jake and Rocket Moon Cotton Tee, Crewneck, Short Sleeve Graphic T-Shirt",21.35,2024-02-16
"Life is Good Mens Jake and Rocket Moon Cotton Tee, Crewneck, Short Sleeve Graphic T-Shirt",21.35,2024-02-16
"Life is Good Mens Jake and Rocket Moon Cotton Tee, Crewneck, Short Sleeve Graphic T-Shirt",21.35,2024-02-16
"Life is Good Mens Jake and Rocket Moon Cotton Tee, Crewneck, Short Sleeve Graphic T-Shirt",21.35,2024-02-16
"Mens Jake and Rocket Moon Cotton Tee, Crewneck, Short Sleeve Graphic T-Shirt",21.35,2024-02-16
"Mens Jake and Rocket Moon Cotton Tee, Crewneck, Short Sleeve Graphic T-Shirt",21.35,2024-02-16
"Life is Good Mens Jake and Rocket Moon Cotton Tee, Crewneck, Short Sleeve Graphic T-Shirt",21.35,2024-02-16
"Mens Jake and Rocket Moon Cotton Tee, Crewneck, Short Sleeve Graphic T-Shirt",21.35,2024-02-16
"Life is Good Mens Jake and Rocket Moon Cotton Tee, Crewneck, Short Sleeve Graphic T-Shirt",21.35,2024-02-16
"Life is Good Mens Jake and Rocket Moon Cotton Tee, Crewneck, Short Sleeve Graphic T-Shirt",21.35,2024-02-16
"Life is Good Mens Jake and Rocket Moon Cotton Tee, Crewneck, Short Sleeve Graphic T-Shirt",21.35,2024-02-16
"Mens Jake and Rocket Moon Cotton Tee, Crewneck, Short Sleeve Graphic T-Shirt",21.35,2024-02-16
"Life is Good Mens Jake and Rocket Moon Cotton Tee, Crewneck, Short Sleeve Graphic T-Shirt",21.35,2024-02-16
"Life is Good Mens Jake and Rocket Moon Cotton Tee, Crewneck, Short Sleeve Graphic T-Shirt",21.35,2024-02-16
"Life is Good Mens Jake and Rocket Moon Cotton Tee, Crewneck, Short Sleeve Graphic T-Shirt",21.35,2024-02-16
"Life is Good Mens Jake and Rocket Moon Cotton Tee, Crewneck, Short Sleeve Graphic T-Shirt",21.35,2024-02-16
"Life is Good Mens Jake and Rocket Moon Cotton Tee, Crewneck, Short Sleeve Graphic T-Shirt",21.35,2024-02-16
"Life is Good Mens Jake and Rocket Moon Cotton Tee, Crewneck, Short Sleeve Graphic T-Shirt",21.35,2024-02-16
"Life is Good Mens Jake and Rocket Moon Cotton Tee, Crewneck, Short Sleeve Graphic T-Shirt",21.35,2024-02-16
"Life is Good Mens Jake and Rocket Moon Cotton Tee, Crewneck, Short Sleeve Graphic T-Shirt",21.35,2024-02-16
"Mens Jake and Rocket Moon Cotton Tee, Crewneck, Short Sleeve Graphic T-Shirt",21.35,2024-02-16
"Life is Good Mens Jake and Rocket Moon Cotton Tee, Crewneck, Short Sleeve Graphic T-Shirt",21.35,2024-02-16
"Life is Good Mens Jake and Rocket Moon Cotton Tee, Crewneck, Short Sleeve Graphic T-Shirt",21.35,2024-02-16
"Life is Good Mens Jake and Rocket Moon Cotton Tee, Crewneck, Short Sleeve Graphic T-Shirt",21.35,2024-02-16
"Life is Good Mens Jake and Rocket Moon Cotton Tee, Crewneck, Short Sleeve Graphic T-Shirt",21.35,2024-02-16
"Life is Good Mens Jake and Rocket Moon Cotton Tee, Crewneck, Short Sleeve Graphic T-Shirt",21.35,2024-02-16
"Life is Good Mens Jake and Rocket Moon Cotton Tee, Crewneck, Short Sleeve Graphic T-Shirt",21.35,2024-02-16
"Life is Good Mens Jake and Rocket Moon Cotton Tee, Crewneck, Short Sleeve Graphic T-Shirt",21.35,2024-02-16
"Life is Good Mens Jake and Rocket Moon Cotton Tee, Crewneck, Short Sleeve Graphic T-Shirt",21.35,2024-02-16
"Mens Jake and Rocket Moon Cotton Tee, Crewneck, Short Sleeve Graphic T-Shirt",21.35,2024-02-16
"Life is Good Mens Jake and Rocket Moon Cotton Tee, Crewneck, Short Sleeve Graphic T-Shirt",21.35,2024-02-16
"Mens Jake and Rocket Moon Cotton Tee, Crewneck, Short Sleeve Graphic T-Shirt",21.35,2024-02-16
"Mens Jake and Rocket Moon Cotton Tee, Crewneck, Short Sleeve Graphic T-Shirt",21.35,2024-02-16
"Life is Good Mens Jake and Rocket Moon Cotton Tee, Crewneck, Short Sleeve Graphic T-Shirt",21.35,2024-02-16
"Life is Good Mens Jake and Rocket Moon Cotton Tee, Crewneck, Short Sleeve Graphic T-Shirt",21.35,2024-02-16
"Life is Good Mens Jake and Rocket Moon Cotton Tee, Crewneck, Short Sleeve Graphic T-Shirt",21.35,2024-02-16
"Mens Jake and Rocket Moon Cotton Tee, Crewneck, Short Sleeve Graphic T-Shirt",21.35,2024-02-16
"Life is Good Mens Jake and Rocket Moon Cotton Tee, Crewneck, Short Sleeve Graphic T-Shirt",21.35,2024-02-16
"Life is Good Mens Jake and Rocket Moon Cotton Tee, Crewneck, Short Sleeve Graphic T-Shirt",21.35,2024-02-16
"Life is Good Mens Jake and Rocket Moon Cotton Tee, Crewneck, Short Sleeve Graphic T-Shirt",21.35,2024-02-16
"Mens Jake and Rocket Moon Cotton Tee, Crewneck, Short Sleeve Graphic T-Shirt",21.35,2024-02-16
"Life is Good Mens Jake and Rocket Moon Cotton Tee, Crewneck, Short Sleeve Graphic T-Shirt",21.35,2024-02-16
"Life is Good Mens Jake and Rocket Moon Cotton Tee, Crewneck, Short Sleeve Graphic T-Shirt",21.35,2024-02-16
"Life is Good Mens Jake and Rocket Moon Cotton Tee, Crewneck, Short Sleeve Graphic T-Shirt",21.35,2024-02-16
"Life is Good Mens Jake and Rocket Moon Cotton Tee, Crewneck, Short Sleeve Graphic T-Shirt",21.35,2024-02-16
"Mens Jake and Rocket Moon Cotton Tee, Crewneck, Short Sleeve Graphic T-Shirt",21.35,2024-02-16
"Mens Jake and Rocket Moon Cotton Tee, Crewneck, Short Sleeve Graphic T-Shirt",21.35,2024-02-16
"Mens Jake and Rocket Moon Cotton Tee, Crewneck, Short Sleeve Graphic T-Shirt",21.35,2024-02-16
"Life is Good Mens Jake and Rocket Moon Cotton Tee, Crewneck, Short Sleeve Graphic T-Shirt",21.35,2024-02-16
"Mens Jake and Rocket Moon Cotton Tee, Crewneck, Short Sleeve Graphic T-Shirt",21.35,2024-02-16
"Mens Jake and Rocket Moon Cotton Tee, Crewneck, Short Sleeve Graphic T-Shirt",21.35,2024-02-16
"Life is Good Mens Jake and Rocket Moon Cotton Tee, Crewneck, Short Sleeve Graphic T-Shirt",21.35,2024-02-16
"Life is Good Mens Jake and Rocket Moon Cotton Tee, Crewneck, Short Sleeve Graphic T-Shirt",21.35,2024-02-16
"Life is Good Mens Jake and Rocket Moon Cotton Tee, Crewneck, Short Sleeve Graphic T-Shirt",21.35,2024-02-16
"Life is Good Mens Jake and Rocket Moon Cotton Tee, Crewneck, Short Sleeve Graphic T-Shirt",21.35,2024-02-16
"Life is Good Mens Jake and Rocket Moon Cotton Tee, Crewneck, Short Sleeve Graphic T-Shirt",21.35,2024-02-16
"Life is Good Mens Jake and Rocket Moon Cotton Tee, Crewneck, Short Sleeve Graphic T-Shirt",21.35,2024-02-16
"Life is Good Mens Jake and Rocket Moon Cotton Tee, Crewneck, Short Sleeve Graphic T-Shirt",21.35,2024-02-16
"Life is Good Mens Jake and Rocket Moon Cotton Tee, Crewneck, Short Sleeve Graphic T-Shirt",21.35,2024-02-16
